Arquivo,Status Paridade,Erros Humanos Detectados,Tracao Python,Tracao Excel,Divergencia
AP COSMO LDA NOVA 03 - PROJETO 1 - POSTE 1.xlsm,FAILED,Nenhum,630.0056,629.9955,0.010099
AP COSMO LDA NOVA 03 - PROJETO 1 - POSTE 10.xlsm,OK,Nenhum,313.2200,313.2200,0.000000
AP COSMO LDA NOVA 03 - PROJETO 1 - POSTE 11.xlsm,OK,Nenhum,222.8000,222.8000,0.000000
AP COSMO LDA NOVA 03 - PROJETO 1 - POSTE 12.xlsm,OK,Nenhum,18.4900,18.4900,0.000000
AP COSMO LDA NOVA 03 - PROJETO 1 - POSTE 13.xlsm,OK,Nenhum,68.9900,68.9900,0.000000
AP COSMO LDA NOVA 03 - PROJETO 1 - POSTE 14.xlsm,OK,Nenhum,290.3300,290.3300,0.000000
AP COSMO LDA NOVA 03 - PROJETO 1 - POSTE 15.xlsm,OK,Nenhum,552.8000,552.8000,0.000000
AP COSMO LDA NOVA 03 - PROJETO 1 - POSTE 16.xlsm,FAILED,Nenhum,1361.4598,972.6343,388.825528
AP COSMO LDA NOVA 03 - PROJETO 1 - POSTE 17.xlsm,ERROR,Python Engine Error: unsupported operand type(s) for *: 'int' and 'NoneType',0.0000,0.0000,0.000000
AP COSMO LDA NOVA 03 - PROJETO 1 - POSTE 18.xlsm,ERROR,Python Engine Error: unsupported operand type(s) for *: 'int' and 'NoneType',0.0000,0.0000,0.000000
AP COSMO LDA NOVA 03 - PROJETO 1 - POSTE 19.xlsm,ERROR,Python Engine Error: unsupported operand type(s) for *: 'int' and 'NoneType',0.0000,0.0000,0.000000
AP COSMO LDA NOVA 03 - PROJETO 1 - POSTE 2.xlsm,FAILED,SOBRECARGA: Esforco(1050.00) > Resistencia(1000.0),1109.4339,1050.0006,59.433294
AP COSMO LDA NOVA 03 - PROJETO 1 - POSTE 20.xlsm,ERROR,Python Engine Error: unsupported operand type(s) for *: 'int' and 'NoneType',0.0000,0.0000,0.000000
AP COSMO LDA NOVA 03 - PROJETO 1 - POSTE 21.xlsm,ERROR,Python Engine Error: unsupported operand type(s) for *: 'int' and 'NoneType',0.0000,0.0000,0.000000
AP COSMO LDA NOVA 03 - PROJETO 1 - POSTE 22.xlsm,ERROR,Python Engine Error: unsupported operand type(s) for *: 'int' and 'NoneType',0.0000,0.0000,0.000000
AP COSMO LDA NOVA 03 - PROJETO 1 - POSTE 23.xlsm,ERROR,Python Engine Error: unsupported operand type(s) for *: 'int' and 'NoneType',0.0000,0.0000,0.000000
AP COSMO LDA NOVA 03 - PROJETO 1 - POSTE 24.xlsm,FAILED,Nenhum,281.0048,327.5356,46.530808
AP COSMO LDA NOVA 03 - PROJETO 1 - POSTE 25.xlsm,FAILED,Nenhum,352.5828,251.8665,100.716304
AP COSMO LDA NOVA 03 - PROJETO 1 - POSTE 26.xlsm,FAILED,Nenhum,352.5828,251.8665,100.716304
AP COSMO LDA NOVA 03 - PROJETO 1 - POSTE 27.xlsm,OK,Nenhum,596.0700,596.0700,0.000000
AP COSMO LDA NOVA 03 - PROJETO 1 - POSTE 28.xlsm,FAILED,Nenhum,282.3808,258.4852,23.895607
AP COSMO LDA NOVA 03 - PROJETO 1 - POSTE 29.xlsm,OK,Nenhum,310.4131,310.4131,0.000000
AP COSMO LDA NOVA 03 - PROJETO 1 - POSTE 3.xlsm,FAILED,Nenhum,712.8870,1033.1235,320.236538
AP COSMO LDA NOVA 03 - PROJETO 1 - POSTE 30.xlsm,OK,Nenhum,651.2926,651.2926,0.000000
AP COSMO LDA NOVA 03 - PROJETO 1 - POSTE 4.xlsm,OK,Nenhum,83.3900,83.3900,0.000000
AP COSMO LDA NOVA 03 - PROJETO 1 - POSTE 5.xlsm,OK,Nenhum,304.4900,304.4900,0.000000
AP COSMO LDA NOVA 03 - PROJETO 1 - POSTE 6.xlsm,OK,Nenhum,46.2800,46.2800,0.000000
AP COSMO LDA NOVA 03 - PROJETO 1 - POSTE 7.xlsm,OK,Nenhum,303.3300,303.3300,0.000000
AP COSMO LDA NOVA 03 - PROJETO 1 - POSTE 8.xlsm,OK,Nenhum,299.5900,299.5900,0.000000
AP COSMO LDA NOVA 03 - PROJETO 1 - POSTE 9.xlsm,OK,Nenhum,309.8300,309.8300,0.000000
AP COSMO LDA NOVA 03 - PROJETO 2 - POSTE 31.xlsm,FAILED,Nenhum,682.1680,623.5721,58.595917
AP COSMO LDA NOVA 03 - PROJETO 2 - POSTE 32.xlsm,FAILED,Nenhum,602.7558,543.3338,59.422004
AP COSMO LDA NOVA 03 - PROJETO 2 - POSTE 33.xlsm,FAILED,Nenhum,503.2497,405.8663,97.383430
AP COSMO LDA NOVA 03 - PROJETO 2 - POSTE 34.xlsm,OK,Nenhum,621.6051,621.6051,0.000000
AP COSMO LDA NOVA 03 - PROJETO 2 - POSTE 35.xlsm,OK,Nenhum,313.7900,313.7900,0.000000
AP COSMO LDA NOVA 03 - PROJETO 2 - POSTE 36.xlsm,OK,Nenhum,198.4300,198.4300,0.000000
AP COSMO LDA NOVA 03 - PROJETO 2 - POSTE 37.xlsm,FAILED,Nenhum,535.8680,473.3387,62.529342
AP COSMO LDA NOVA 03 - PROJETO 2 - POSTE 38.xlsm,OK,Nenhum,99.6000,99.6000,0.000000
AP COSMO LDA NOVA 03 - PROJETO 2 - POSTE 39.xlsm,OK,Nenhum,708.0000,708.0000,0.000000
AP COSMO LDA NOVA 03 - PROJETO 2 - POSTE 40.xlsm,FAILED,Nenhum,300.7863,232.6916,68.094794
AP COSMO LDA NOVA 03 - PROJETO 2 - POSTE 41.xlsm,OK,Nenhum,309.9500,309.9500,0.000000
AP COSMO LDA NOVA 03 - PROJETO 2 - POSTE 42.xlsm,OK,Nenhum,272.6600,272.6600,0.000000
AP COSMO LDA NOVA 03 - PROJETO 2 - POSTE 43.xlsm,OK,SOBRECARGA: Esforco(361.91) > Resistencia(300.0),361.9071,361.9071,0.000000
AP COSMO LDA NOVA 03 - PROJETO 2 - POSTE 44.xlsm,FAILED,Nenhum,841.0438,625.6487,215.395045
AP COSMO LDA NOVA 03 - PROJETO 2 - POSTE 45.xlsm,OK,Nenhum,218.1615,218.1615,0.000000
AP COSMO LDA NOVA 03 - PROJETO 2 - POSTE 46.xlsm,OK,Nenhum,536.2751,536.2751,0.000000
AP COSMO LDA NOVA 03 - PROJETO 2 - POSTE 47.xlsm,FAILED,Nenhum,534.8323,599.2927,64.460386
AP COSMO LDA NOVA 03 - PROJETO 2 - POSTE 48.xlsm,OK,Nenhum,304.2330,304.2330,0.000000
AP COSMO LDA NOVA 03 - PROJETO 2 - POSTE 49.xlsm,OK,Nenhum,138.2400,138.2400,0.000000
AP COSMO LDA NOVA 03 - PROJETO 2 - POSTE 50.xlsm,OK,Nenhum,251.1100,251.1100,0.000000
AP COSMO LDA NOVA 03 - PROJETO 2 - POSTE 51.xlsm,OK,Nenhum,18.4900,18.4900,0.000000
AP COSMO LDA NOVA 03 - PROJETO 2 - POSTE 52.xlsm,OK,Nenhum,228.4600,228.4600,0.000000
AP COSMO LDA NOVA 03 - PROJETO 2 - POSTE 53.xlsm,OK,SOBRECARGA: Esforco(323.77) > Resistencia(300.0),323.7700,323.7700,0.000000
AP COSMO LDA NOVA 03 - PROJETO 2 - POSTE 54.xlsm,OK,Nenhum,279.4500,279.4500,0.000000
AP COSMO LDA NOVA 03 - PROJETO 2 - POSTE 55.xlsm,OK,Nenhum,137.4700,137.4700,0.000000
AP COSMO LDA NOVA 03 - PROJETO 2 - POSTE 56.xlsm,OK,Nenhum,102.2500,102.2500,0.000000
AP COSMO LDA NOVA 03 - PROJETO 2 - POSTE 57.xlsm,OK,Nenhum,142.1400,142.1400,0.000000
AP COSMO LDA NOVA 03 - PROJETO 2 - POSTE 58.xlsm,FAILED,Nenhum,287.8680,255.5611,32.306855
AP COSMO LDA NOVA 03 - PROJETO 2 - POSTE 59.xlsm,OK,Nenhum,108.7673,108.7673,0.000000
AP COSMO LDA NOVA 03 - PROJETO 2 - POSTE 60.xlsm,FAILED,Nenhum,476.0699,473.5928,2.477180
AP COSMO LDA NOVA 03 - PROJETO 3 - POSTE 61.xlsm,FAILED,Nenhum,147.6056,125.8975,21.708094
AP COSMO LDA NOVA 03 - PROJETO 3 - POSTE 62.xlsm,OK,SOBRECARGA: Esforco(413.29) > Resistencia(300.0),413.2946,413.2946,0.000000
AP COSMO LDA NOVA 03 - PROJETO 3 - POSTE 63.xlsm,FAILED,Nenhum,203.8707,183.7968,20.073937
AP COSMO LDA NOVA 03 - PROJETO 3 - POSTE 64.xlsm,OK,Nenhum,308.6135,308.6135,0.000000
AP COSMO LDA NOVA 03 - PROJETO 3 - POSTE 65.xlsm,OK,Nenhum,142.4800,142.4800,0.000000
AP COSMO LDA NOVA 03 - PROJETO 3 - POSTE 66.xlsm,OK,Nenhum,115.5200,115.5200,0.000000
AP COSMO LDA NOVA 03 - PROJETO 3 - POSTE 67.xlsm,OK,Nenhum,115.5200,115.5200,0.000000
AP COSMO LDA NOVA 03 - PROJETO 3 - POSTE 68.xlsm,OK,Nenhum,166.0200,166.0200,0.000000
AP COSMO LDA NOVA 03 - PROJETO 3 - POSTE 69.xlsm,OK,Nenhum,123.4800,123.4800,0.000000
AP COSMO LDA NOVA 03 - PROJETO 3 - POSTE 70.xlsm,OK,Nenhum,223.1500,223.1500,0.000000
AP COSMO LDA NOVA 03 - PROJETO 3 - POSTE 71.xlsm,OK,Nenhum,158.0700,158.0700,0.000000
AP COSMO LDA NOVA 03 - PROJETO 3 - POSTE 72.xlsm,OK,Nenhum,257.7400,257.7400,0.000000
AP COSMO LDA NOVA 03 - PROJETO 3 - POSTE 73.xlsm,OK,Nenhum,18.4900,18.4900,0.000000
AP COSMO LDA NOVA 03 - PROJETO 3 - POSTE 74.xlsm,OK,Nenhum,18.4900,18.4900,0.000000
AP COSMO LDA NOVA 03 - PROJETO 3 - POSTE 75.xlsm,OK,Nenhum,166.0200,166.0200,0.000000
AP COSMO LDA NOVA 03 - PROJETO 3 - POSTE 76.xlsm,OK,Nenhum,292.2456,292.2456,0.000000
AP COSMO LDA NOVA 03 - PROJETO 3 - POSTE 77.xlsm,FAILED,Nenhum,256.4599,241.6605,14.799366
AP COSMO LDA NOVA 03 - PROJETO 3 - POSTE 78.xlsm,OK,Nenhum,151.0668,151.0668,0.000000
AP COSMO LDA NOVA 03 - PROJETO 3 - POSTE 79.xlsm,FAILED,Nenhum,906.1550,819.3349,86.820091
AP COSMO LDA NOVA 03 - PROJETO 3 - POSTE 80.xlsm,FAILED,Nenhum,1560.8879,1534.0621,26.825811
AP COSMO LDA NOVA 03 - PROJETO 3 - POSTE 81.xlsm,OK,Nenhum,623.3986,623.3986,0.000000
AP COSMO LDA NOVA 03 - PROJETO 3 - POSTE 82.xlsm,OK,Nenhum,81.7021,81.7021,0.000000
AP COSMO LDA NOVA 03 - PROJETO 3 - POSTE 83.xlsm,FAILED,Nenhum,551.1188,516.4325,34.686306
AP COSMO LDA NOVA 03 - PROJETO 3 - POSTE 84.xlsm,FAILED,Nenhum,445.8585,417.1839,28.674617
AP COSMO LDA NOVA 03 - PROJETO 3 - POSTE 85.xlsm,FAILED,Nenhum,651.7153,617.3878,34.327459
AP COSMO LDA NOVA 03 - PROJETO 3 - POSTE 86.xlsm,FAILED,Nenhum,172.7890,175.4319,2.642954
AP COSMO LDA NOVA 03 - PROJETO 3 - POSTE 87.xlsm,OK,Nenhum,170.2097,170.2097,0.000000
AP COSMO LDA NOVA 03 - PROJETO 3 - POSTE 88.xlsm,OK,Nenhum,256.0402,256.0402,0.000000
AP COSMO LDA NOVA 03 - PROJETO 3 - POSTE 89.xlsm,OK,Nenhum,449.6160,449.6160,0.000000
AP COSMO LDA NOVA 03 - PROJETO 3 - POSTE 90.xlsm,OK,Nenhum,373.0643,373.0643,0.000000
AP COSMO LDA NOVA 03 - PROJETO 4 - POSTE 1A.xlsm,OK,Nenhum,167.4100,167.4100,0.000000
AP COSMO LDA NOVA 03 - PROJETO 4 - POSTE 1B.xlsm,OK,Nenhum,179.1411,179.1411,0.000000
AP COSMO LDA NOVA 03 - PROJETO 4 - POSTE 1C.xlsm,FAILED,Nenhum,323.1366,307.8911,15.245551
AP COSMO LDA NOVA 03 - PROJETO 4 - POSTE 2A.xlsm,FAILED,Nenhum,798.6033,698.9671,99.636270
AP COSMO LDA NOVA 03 - PROJETO 4 - POSTE 2B.xlsm,OK,Nenhum,616.5782,616.5782,0.000000
AP COSMO LDA NOVA 03 - PROJETO 4 - POSTE 3A.xlsm,OK,Nenhum,603.6918,603.6918,0.000000
AP COSMO LDA NOVA 03 - PROJETO 4 - POSTE 3B.xlsm,OK,Nenhum,227.3108,227.3108,0.000000
AP COSMO LDA NOVA 03 - PROJETO 4 - POSTE 3C.xlsm,FAILED,Nenhum,991.4753,949.7242,41.751097
AP COSMO LDA NOVA 03 - PROJETO 4 - POSTE 4A.xlsm,OK,Nenhum,311.0600,311.0600,0.000000
AP COSMO LDA NOVA 03 - PROJETO 4 - POSTE 4B.xlsm,OK,Nenhum,379.6883,379.6883,0.000000
AP COSMO LDA NOVA 03 - PROJETO 4 - POSTE 4C.xlsm,OK,Nenhum,264.2209,264.2209,0.000000
AP COSMO LDA NOVA 03 - PROJETO 4 - POSTE 5A.xlsm,FAILED,Nenhum,538.0262,497.4777,40.548441
AP COSMO LDA NOVA 03 - PROJETO 4 - POSTE 5B.xlsm,OK,Nenhum,413.6214,413.6214,0.000000
AP COSMO LDA NOVA 03 - PROJETO 4 - POSTE 6A.xlsm,FAILED,SOBRECARGA: Esforco(636.32) > Resistencia(600.0),636.6085,636.3230,0.285486
AP COSMO LDA NOVA 03 - PROJETO 4 - POSTE 6B.xlsm,OK,SOBRECARGA: Esforco(564.60) > Resistencia(300.0),564.5994,564.5994,0.000000
AP COSMO LDA NOVA 03 - PROJETO 4 - POSTE 7A.xlsm,FAILED,Nenhum,195.4224,195.8043,0.381972
AP COSMO LDA NOVA 03 - PROJETO 4 - POSTE 7B.xlsm,OK,Nenhum,301.9402,301.9402,0.000000
AP COSMO LDA NOVA 03 - PROJETO 4 - POSTE 8A.xlsm,OK,Nenhum,539.7802,539.7802,0.000000
AP COSMO LDA NOVA 03 - PROJETO 4 - POSTE 8B.xlsm,FAILED,Nenhum,938.7188,836.0382,102.680544
AP COSMO LDA NOVA 03 - PROJETO 4 - POSTE 91.xlsm,OK,SOBRECARGA: Esforco(371.77) > Resistencia(300.0),371.7709,371.7709,0.000000
AP COSMO LDA NOVA 03 - PROJETO 4 - POSTE 92.xlsm,FAILED,Nenhum,444.6287,438.6013,6.027397
AP COSMO LDA NOVA 03 - PROJETO 4 - POSTE 93.xlsm,FAILED,Nenhum,1553.0303,1524.6032,28.427093
AP COSMO LDA NOVA 03 - PROJETO 4 - POSTE 94.xlsm,FAILED,Nenhum,960.4010,923.2040,37.197052
AP COSMO LDA NOVA 03 - PROJETO 4 - POSTE 95.xlsm,FAILED,Nenhum,290.5265,260.5679,29.958665
AP COSMO LDA NOVA 03 - PROJETO 4 - POSTE 96.xlsm,OK,Nenhum,181.5724,181.5724,0.000000
AP COSMO LDA NOVA 03 - PROJETO 4 - POSTE 97.xlsm,OK,Nenhum,104.8812,104.8812,0.000000
AP COSMO LDA NOVA 03 - PROJETO 4 - POSTE 98.xlsm,FAILED,Nenhum,269.3581,270.8440,1.485906
AP COSMO LDA NOVA 03 - PROJETO 4 - POSTE 99.xlsm,FAILED,Nenhum,957.6690,1012.6369,54.967987
AP COSMO LDA NOVA 03 - PROJETO 4 - POSTE 9A.xlsm,OK,Nenhum,752.8199,752.8199,0.000000
AP COSMO LDA NOVA 03 - PROJETO 4 - POSTE 9B.xlsm,FAILED,Nenhum,67.7162,59.6552,8.060984
AP COSMO LDA NOVA 03 - PROJETO 5 - POSTE 1D.xlsm,FAILED,Nenhum,393.0659,373.6697,19.396109
AP COSMO LDA NOVA 03 - PROJETO 5 - POSTE 1E.xlsm,OK,Nenhum,178.7616,178.7616,0.000000
AP COSMO LDA NOVA 03 - PROJETO 5 - POSTE 1F.xlsm,OK,Nenhum,166.5233,166.5233,0.000000
AP COSMO LDA NOVA 03 - PROJETO 5 - POSTE 2D.xlsm,OK,Nenhum,278.1285,278.1285,0.000000
AP COSMO LDA NOVA 03 - PROJETO 5 - POSTE 2E.xlsm,OK,Nenhum,151.9000,151.9000,0.000000
AP COSMO LDA NOVA 03 - PROJETO 5 - POSTE 2F.xlsm,FAILED,Nenhum,813.1853,817.3082,4.122914
AP COSMO LDA NOVA 03 - PROJETO 5 - POSTE 3D.xlsm,FAILED,Nenhum,424.2345,390.7217,33.512725
AP COSMO LDA NOVA 03 - PROJETO 5 - POSTE 3E.xlsm,OK,Nenhum,293.6500,293.6500,0.000000
AP COSMO LDA NOVA 03 - PROJETO 5 - POSTE 3F.xlsm,FAILED,Nenhum,608.8609,571.6905,37.170420
AP COSMO LDA NOVA 03 - PROJETO 5 - POSTE 4D.xlsm,FAILED,Nenhum,492.0145,423.3067,68.707797
AP COSMO LDA NOVA 03 - PROJETO 5 - POSTE 4E.xlsm,OK,Nenhum,150.1000,150.1000,0.000000
AP COSMO LDA NOVA 03 - PROJETO 5 - POSTE 4F.xlsm,OK,Nenhum,833.9207,833.9207,0.000000
AP COSMO LDA NOVA 03 - PROJETO 5 - POSTE 5C.xlsm,OK,Nenhum,154.4277,154.4277,0.000000
AP COSMO LDA NOVA 03 - PROJETO 5 - POSTE 5D.xlsm,OK,Nenhum,235.1934,235.1934,0.000000
AP COSMO LDA NOVA 03 - PROJETO 5 - POSTE 5E.xlsm,OK,Nenhum,439.3110,439.3110,0.000000
AP COSMO LDA NOVA 03 - PROJETO 5 - POSTE 5F.xlsm,FAILED,Nenhum,636.0671,607.2305,28.836532
AP COSMO LDA NOVA 03 - PROJETO 5 - POSTE 6C.xlsm,FAILED,Nenhum,284.1621,255.4586,28.703491
AP COSMO LDA NOVA 03 - PROJETO 5 - POSTE 6D.xlsm,OK,Nenhum,390.1453,390.1453,0.000000
AP COSMO LDA NOVA 03 - PROJETO 5 - POSTE 6E.xlsm,FAILED,Nenhum,80.8641,74.2583,6.605885
AP COSMO LDA NOVA 03 - PROJETO 5 - POSTE 6F.xlsm,OK,Nenhum,76.7268,76.7268,0.000000
AP COSMO LDA NOVA 03 - PROJETO 5 - POSTE 7C.xlsm,OK,Nenhum,116.5817,116.5817,0.000000
AP COSMO LDA NOVA 03 - PROJETO 5 - POSTE 7D.xlsm,FAILED,Nenhum,361.1630,324.0899,37.073154
AP COSMO LDA NOVA 03 - PROJETO 5 - POSTE 7E.xlsm,FAILED,Nenhum,521.4978,495.3581,26.139714
AP COSMO LDA NOVA 03 - PROJETO 5 - POSTE 7F.xlsm,OK,Nenhum,429.6700,429.6700,0.000000
AP COSMO LDA NOVA 03 - PROJETO 5 - POSTE 8C.xlsm,FAILED,Nenhum,41.3800,41.3900,0.010000
AP COSMO LDA NOVA 03 - PROJETO 5 - POSTE 8D.xlsm,OK,Nenhum,411.9741,411.9741,0.000000
AP COSMO LDA NOVA 03 - PROJETO 5 - POSTE 8E.xlsm,OK,Nenhum,412.3400,412.3400,0.000000
AP COSMO LDA NOVA 03 - PROJETO 5 - POSTE 8F.xlsm,FAILED,Nenhum,986.1374,946.3259,39.811477
AP COSMO LDA NOVA 03 - PROJETO 5 - POSTE 9C.xlsm,OK,Nenhum,139.5472,139.5472,0.000000
AP COSMO LDA NOVA 03 - PROJETO 5 - POSTE 9D.xlsm,FAILED,Nenhum,587.6231,564.0149,23.608240
AP COSMO LDA NOVA 03 - PROJETO 5 - POSTE 9E.xlsm,FAILED,Nenhum,299.8500,299.8600,0.010000
